scenario,seed,metric,baseline,ml,delta_pct,output_dir
heavy,1234,connected_clients_ratio,0.7628712666666666,0.7627146666666668,-0.0205277098302702,C:\Users\LENOVO\Downloads\5G-Network-Slicing-main\5G-Network-Slicing-with-GBDT-ML-Policy\FINAL_OUTPUT_#1\FINAL_OUTPUT_heavy_seed1234_20260508_223937
heavy,1234,coverage_ratio,0.9992976,0.9995459333333332,0.0248507885271798,C:\Users\LENOVO\Downloads\5G-Network-Slicing-main\5G-Network-Slicing-with-GBDT-ML-Policy\FINAL_OUTPUT_#1\FINAL_OUTPUT_heavy_seed1234_20260508_223937
heavy,1234,block_ratio,0.0,0.0,0.0,C:\Users\LENOVO\Downloads\5G-Network-Slicing-main\5G-Network-Slicing-with-GBDT-ML-Policy\FINAL_OUTPUT_#1\FINAL_OUTPUT_heavy_seed1234_20260508_223937
heavy,1234,handover_ratio,0.0,0.0,0.0,C:\Users\LENOVO\Downloads\5G-Network-Slicing-main\5G-Network-Slicing-with-GBDT-ML-Policy\FINAL_OUTPUT_#1\FINAL_OUTPUT_heavy_seed1234_20260508_223937
heavy,1234,avg_slice_load_ratio,0.7211056007615603,0.7651225148403987,6.104087117386435,C:\Users\LENOVO\Downloads\5G-Network-Slicing-main\5G-Network-Slicing-with-GBDT-ML-Policy\FINAL_OUTPUT_#1\FINAL_OUTPUT_heavy_seed1234_20260508_223937
heavy,1234,total_bandwidth_usage,1817186113.919132,1928108737.3978047,6.104087117386466,C:\Users\LENOVO\Downloads\5G-Network-Slicing-main\5G-Network-Slicing-with-GBDT-ML-Policy\FINAL_OUTPUT_#1\FINAL_OUTPUT_heavy_seed1234_20260508_223937
heavy,1234,avg_latency_ms,0.7673425246790383,0.7719586937196421,0.6015786812459845,C:\Users\LENOVO\Downloads\5G-Network-Slicing-main\5G-Network-Slicing-with-GBDT-ML-Policy\FINAL_OUTPUT_#1\FINAL_OUTPUT_heavy_seed1234_20260508_223937
heavy,1234,p95_latency_ms,0.460362459311107,0.4696708853797887,2.0219776570424344,C:\Users\LENOVO\Downloads\5G-Network-Slicing-main\5G-Network-Slicing-with-GBDT-ML-Policy\FINAL_OUTPUT_#1\FINAL_OUTPUT_heavy_seed1234_20260508_223937
heavy,1234,latency_violation_ratio,0.0,0.0,0.0,C:\Users\LENOVO\Downloads\5G-Network-Slicing-main\5G-Network-Slicing-with-GBDT-ML-Policy\FINAL_OUTPUT_#1\FINAL_OUTPUT_heavy_seed1234_20260508_223937
heavy,1234,avg_state_sla_violation_share,0.001,0.001,0.0,C:\Users\LENOVO\Downloads\5G-Network-Slicing-main\5G-Network-Slicing-with-GBDT-ML-Policy\FINAL_OUTPUT_#1\FINAL_OUTPUT_heavy_seed1234_20260508_223937
heavy,1234,bandwidth_jain_fairness,0.4259884076725294,0.4199793775932809,-1.41060882667677,C:\Users\LENOVO\Downloads\5G-Network-Slicing-main\5G-Network-Slicing-with-GBDT-ML-Policy\FINAL_OUTPUT_#1\FINAL_OUTPUT_heavy_seed1234_20260508_223937
heavy,1234,bandwidth_jain_fairness_min,0.3333333333333333,0.3333333333333333,0.0,C:\Users\LENOVO\Downloads\5G-Network-Slicing-main\5G-Network-Slicing-with-GBDT-ML-Policy\FINAL_OUTPUT_#1\FINAL_OUTPUT_heavy_seed1234_20260508_223937
heavy,123,connected_clients_ratio,0.7566037333333334,0.7562002666666667,-0.0533260211245788,C:\Users\LENOVO\Downloads\5G-Network-Slicing-main\5G-Network-Slicing-with-GBDT-ML-Policy\FINAL_OUTPUT_#1\FINAL_OUTPUT_heavy_seed123_20260508_112416
heavy,123,coverage_ratio,0.9994209333333334,0.9991094,-0.0311713836425548,C:\Users\LENOVO\Downloads\5G-Network-Slicing-main\5G-Network-Slicing-with-GBDT-ML-Policy\FINAL_OUTPUT_#1\FINAL_OUTPUT_heavy_seed123_20260508_112416
heavy,123,block_ratio,0.0,0.0,0.0,C:\Users\LENOVO\Downloads\5G-Network-Slicing-main\5G-Network-Slicing-with-GBDT-ML-Policy\FINAL_OUTPUT_#1\FINAL_OUTPUT_heavy_seed123_20260508_112416
heavy,123,handover_ratio,0.0,0.0,0.0,C:\Users\LENOVO\Downloads\5G-Network-Slicing-main\5G-Network-Slicing-with-GBDT-ML-Policy\FINAL_OUTPUT_#1\FINAL_OUTPUT_heavy_seed123_20260508_112416
heavy,123,avg_slice_load_ratio,0.7238608549523153,0.7678538657699836,6.077550749800709,C:\Users\LENOVO\Downloads\5G-Network-Slicing-main\5G-Network-Slicing-with-GBDT-ML-Policy\FINAL_OUTPUT_#1\FINAL_OUTPUT_heavy_seed123_20260508_112416
heavy,123,total_bandwidth_usage,1824129354.4798348,1934991741.7403584,6.077550749800696,C:\Users\LENOVO\Downloads\5G-Network-Slicing-main\5G-Network-Slicing-with-GBDT-ML-Policy\FINAL_OUTPUT_#1\FINAL_OUTPUT_heavy_seed123_20260508_112416
heavy,123,avg_latency_ms,0.7446457477380707,0.7508427465558158,0.8322076418980578,C:\Users\LENOVO\Downloads\5G-Network-Slicing-main\5G-Network-Slicing-with-GBDT-ML-Policy\FINAL_OUTPUT_#1\FINAL_OUTPUT_heavy_seed123_20260508_112416
heavy,123,p95_latency_ms,0.4641520911450462,0.4741851045407379,2.1615788417414223,C:\Users\LENOVO\Downloads\5G-Network-Slicing-main\5G-Network-Slicing-with-GBDT-ML-Policy\FINAL_OUTPUT_#1\FINAL_OUTPUT_heavy_seed123_20260508_112416
heavy,123,latency_violation_ratio,0.0,0.0,0.0,C:\Users\LENOVO\Downloads\5G-Network-Slicing-main\5G-Network-Slicing-with-GBDT-ML-Policy\FINAL_OUTPUT_#1\FINAL_OUTPUT_heavy_seed123_20260508_112416
heavy,123,avg_state_sla_violation_share,0.001,0.001,0.0,C:\Users\LENOVO\Downloads\5G-Network-Slicing-main\5G-Network-Slicing-with-GBDT-ML-Policy\FINAL_OUTPUT_#1\FINAL_OUTPUT_heavy_seed123_20260508_112416
heavy,123,bandwidth_jain_fairness,0.4290615631281088,0.4227331056710965,-1.474953247005891,C:\Users\LENOVO\Downloads\5G-Network-Slicing-main\5G-Network-Slicing-with-GBDT-ML-Policy\FINAL_OUTPUT_#1\FINAL_OUTPUT_heavy_seed123_20260508_112416
heavy,123,bandwidth_jain_fairness_min,0.3333333333333333,0.3333333333333333,0.0,C:\Users\LENOVO\Downloads\5G-Network-Slicing-main\5G-Network-Slicing-with-GBDT-ML-Policy\FINAL_OUTPUT_#1\FINAL_OUTPUT_heavy_seed123_20260508_112416
heavy,256,connected_clients_ratio,0.7617491333333333,0.7613019333333334,-0.0587069916368621,C:\Users\LENOVO\Downloads\5G-Network-Slicing-main\5G-Network-Slicing-with-GBDT-ML-Policy\FINAL_OUTPUT_#1\FINAL_OUTPUT_heavy_seed256_20260508_131625
heavy,256,coverage_ratio,0.9994115333333334,0.9994096,-0.0001934471705431,C:\Users\LENOVO\Downloads\5G-Network-Slicing-main\5G-Network-Slicing-with-GBDT-ML-Policy\FINAL_OUTPUT_#1\FINAL_OUTPUT_heavy_seed256_20260508_131625
heavy,256,block_ratio,0.0,0.0,0.0,C:\Users\LENOVO\Downloads\5G-Network-Slicing-main\5G-Network-Slicing-with-GBDT-ML-Policy\FINAL_OUTPUT_#1\FINAL_OUTPUT_heavy_seed256_20260508_131625
heavy,256,handover_ratio,0.0,0.0,0.0,C:\Users\LENOVO\Downloads\5G-Network-Slicing-main\5G-Network-Slicing-with-GBDT-ML-Policy\FINAL_OUTPUT_#1\FINAL_OUTPUT_heavy_seed256_20260508_131625
heavy,256,avg_slice_load_ratio,0.7233772622055894,0.7690659807953,6.316029128480609,C:\Users\LENOVO\Downloads\5G-Network-Slicing-main\5G-Network-Slicing-with-GBDT-ML-Policy\FINAL_OUTPUT_#1\FINAL_OUTPUT_heavy_seed256_20260508_131625
heavy,256,total_bandwidth_usage,1822910700.7580853,1938046271.604156,6.316029128480616,C:\Users\LENOVO\Downloads\5G-Network-Slicing-main\5G-Network-Slicing-with-GBDT-ML-Policy\FINAL_OUTPUT_#1\FINAL_OUTPUT_heavy_seed256_20260508_131625
heavy,256,avg_latency_ms,0.7466019804547821,0.751021588750392,0.5919631090340536,C:\Users\LENOVO\Downloads\5G-Network-Slicing-main\5G-Network-Slicing-with-GBDT-ML-Policy\FINAL_OUTPUT_#1\FINAL_OUTPUT_heavy_seed256_20260508_131625
heavy,256,p95_latency_ms,0.4480983649143985,0.457530755646914,2.1049821804900684,C:\Users\LENOVO\Downloads\5G-Network-Slicing-main\5G-Network-Slicing-with-GBDT-ML-Policy\FINAL_OUTPUT_#1\FINAL_OUTPUT_heavy_seed256_20260508_131625
heavy,256,latency_violation_ratio,0.0,5.780346820808999e-07,0.0,C:\Users\LENOVO\Downloads\5G-Network-Slicing-main\5G-Network-Slicing-with-GBDT-ML-Policy\FINAL_OUTPUT_#1\FINAL_OUTPUT_heavy_seed256_20260508_131625
heavy,256,avg_state_sla_violation_share,0.001,0.001,0.0,C:\Users\LENOVO\Downloads\5G-Network-Slicing-main\5G-Network-Slicing-with-GBDT-ML-Policy\FINAL_OUTPUT_#1\FINAL_OUTPUT_heavy_seed256_20260508_131625
heavy,256,bandwidth_jain_fairness,0.428526496112002,0.4221459386325057,-1.4889528506140792,C:\Users\LENOVO\Downloads\5G-Network-Slicing-main\5G-Network-Slicing-with-GBDT-ML-Policy\FINAL_OUTPUT_#1\FINAL_OUTPUT_heavy_seed256_20260508_131625
heavy,256,bandwidth_jain_fairness_min,0.3333333333333333,0.3333333333333333,0.0,C:\Users\LENOVO\Downloads\5G-Network-Slicing-main\5G-Network-Slicing-with-GBDT-ML-Policy\FINAL_OUTPUT_#1\FINAL_OUTPUT_heavy_seed256_20260508_131625
heavy,42,connected_clients_ratio,0.7626658507623238,0.7617618,-0.1185382512433406,C:\Users\LENOVO\Downloads\5G-Network-Slicing-main\5G-Network-Slicing-with-GBDT-ML-Policy\FINAL_OUTPUT_#1\FINAL_OUTPUT_heavy_seed42_20260508_025410
heavy,42,coverage_ratio,0.9991147330933012,0.9989676666666668,-0.0147196735032944,C:\Users\LENOVO\Downloads\5G-Network-Slicing-main\5G-Network-Slicing-with-GBDT-ML-Policy\FINAL_OUTPUT_#1\FINAL_OUTPUT_heavy_seed42_20260508_025410
heavy,42,block_ratio,0.0,0.0,0.0,C:\Users\LENOVO\Downloads\5G-Network-Slicing-main\5G-Network-Slicing-with-GBDT-ML-Policy\FINAL_OUTPUT_#1\FINAL_OUTPUT_heavy_seed42_20260508_025410
heavy,42,handover_ratio,0.0,0.0,0.0,C:\Users\LENOVO\Downloads\5G-Network-Slicing-main\5G-Network-Slicing-with-GBDT-ML-Policy\FINAL_OUTPUT_#1\FINAL_OUTPUT_heavy_seed42_20260508_025410
heavy,42,avg_slice_load_ratio,0.7218731415063672,0.7670277633626866,6.255201815944164,C:\Users\LENOVO\Downloads\5G-Network-Slicing-main\5G-Network-Slicing-with-GBDT-ML-Policy\FINAL_OUTPUT_#1\FINAL_OUTPUT_heavy_seed42_20260508_025410
heavy,42,total_bandwidth_usage,1819120316.596045,1932909963.6739705,6.255201815944186,C:\Users\LENOVO\Downloads\5G-Network-Slicing-main\5G-Network-Slicing-with-GBDT-ML-Policy\FINAL_OUTPUT_#1\FINAL_OUTPUT_heavy_seed42_20260508_025410
heavy,42,avg_latency_ms,0.758993130508858,0.7649098609486708,0.7795499329283753,C:\Users\LENOVO\Downloads\5G-Network-Slicing-main\5G-Network-Slicing-with-GBDT-ML-Policy\FINAL_OUTPUT_#1\FINAL_OUTPUT_heavy_seed42_20260508_025410
heavy,42,p95_latency_ms,0.4566017037841816,0.4669924263966769,2.275664441542832,C:\Users\LENOVO\Downloads\5G-Network-Slicing-main\5G-Network-Slicing-with-GBDT-ML-Policy\FINAL_OUTPUT_#1\FINAL_OUTPUT_heavy_seed42_20260508_025410
heavy,42,latency_violation_ratio,0.0,0.0,0.0,C:\Users\LENOVO\Downloads\5G-Network-Slicing-main\5G-Network-Slicing-with-GBDT-ML-Policy\FINAL_OUTPUT_#1\FINAL_OUTPUT_heavy_seed42_20260508_025410
heavy,42,avg_state_sla_violation_share,0.001,0.001,0.0,C:\Users\LENOVO\Downloads\5G-Network-Slicing-main\5G-Network-Slicing-with-GBDT-ML-Policy\FINAL_OUTPUT_#1\FINAL_OUTPUT_heavy_seed42_20260508_025410
heavy,42,bandwidth_jain_fairness,0.4268579965714698,0.4205301489620099,-1.4824245206333948,C:\Users\LENOVO\Downloads\5G-Network-Slicing-main\5G-Network-Slicing-with-GBDT-ML-Policy\FINAL_OUTPUT_#1\FINAL_OUTPUT_heavy_seed42_20260508_025410
heavy,42,bandwidth_jain_fairness_min,0.3333333333333333,0.3333333333333333,0.0,C:\Users\LENOVO\Downloads\5G-Network-Slicing-main\5G-Network-Slicing-with-GBDT-ML-Policy\FINAL_OUTPUT_#1\FINAL_OUTPUT_heavy_seed42_20260508_025410
heavy,7,connected_clients_ratio,0.7602466,0.7594969333333333,-0.09860835506093,C:\Users\LENOVO\Downloads\5G-Network-Slicing-main\5G-Network-Slicing-with-GBDT-ML-Policy\FINAL_OUTPUT_#1\FINAL_OUTPUT_heavy_seed7_20260508_015220
heavy,7,coverage_ratio,0.9995275333333334,0.9994704666666666,-0.0057093641509319,C:\Users\LENOVO\Downloads\5G-Network-Slicing-main\5G-Network-Slicing-with-GBDT-ML-Policy\FINAL_OUTPUT_#1\FINAL_OUTPUT_heavy_seed7_20260508_015220
heavy,7,block_ratio,0.0,0.0,0.0,C:\Users\LENOVO\Downloads\5G-Network-Slicing-main\5G-Network-Slicing-with-GBDT-ML-Policy\FINAL_OUTPUT_#1\FINAL_OUTPUT_heavy_seed7_20260508_015220
heavy,7,handover_ratio,0.0,0.0,0.0,C:\Users\LENOVO\Downloads\5G-Network-Slicing-main\5G-Network-Slicing-with-GBDT-ML-Policy\FINAL_OUTPUT_#1\FINAL_OUTPUT_heavy_seed7_20260508_015220
heavy,7,avg_slice_load_ratio,0.7231789059905444,0.7681831692886888,6.223116150837076,C:\Users\LENOVO\Downloads\5G-Network-Slicing-main\5G-Network-Slicing-with-GBDT-ML-Policy\FINAL_OUTPUT_#1\FINAL_OUTPUT_heavy_seed7_20260508_015220
heavy,7,total_bandwidth_usage,1822410843.096172,1935821586.6074955,6.223116150837059,C:\Users\LENOVO\Downloads\5G-Network-Slicing-main\5G-Network-Slicing-with-GBDT-ML-Policy\FINAL_OUTPUT_#1\FINAL_OUTPUT_heavy_seed7_20260508_015220
heavy,7,avg_latency_ms,0.7478762429664998,0.754424124137138,0.8755300401929612,C:\Users\LENOVO\Downloads\5G-Network-Slicing-main\5G-Network-Slicing-with-GBDT-ML-Policy\FINAL_OUTPUT_#1\FINAL_OUTPUT_heavy_seed7_20260508_015220
heavy,7,p95_latency_ms,0.4531144986766242,0.4627320828931389,2.1225505351526124,C:\Users\LENOVO\Downloads\5G-Network-Slicing-main\5G-Network-Slicing-with-GBDT-ML-Policy\FINAL_OUTPUT_#1\FINAL_OUTPUT_heavy_seed7_20260508_015220
heavy,7,latency_violation_ratio,0.0,5.5126791620725e-07,0.0,C:\Users\LENOVO\Downloads\5G-Network-Slicing-main\5G-Network-Slicing-with-GBDT-ML-Policy\FINAL_OUTPUT_#1\FINAL_OUTPUT_heavy_seed7_20260508_015220
heavy,7,avg_state_sla_violation_share,0.001,0.001,0.0,C:\Users\LENOVO\Downloads\5G-Network-Slicing-main\5G-Network-Slicing-with-GBDT-ML-Policy\FINAL_OUTPUT_#1\FINAL_OUTPUT_heavy_seed7_20260508_015220
heavy,7,bandwidth_jain_fairness,0.4282892044950951,0.4216816376437907,-1.542781555536522,C:\Users\LENOVO\Downloads\5G-Network-Slicing-main\5G-Network-Slicing-with-GBDT-ML-Policy\FINAL_OUTPUT_#1\FINAL_OUTPUT_heavy_seed7_20260508_015220
heavy,7,bandwidth_jain_fairness_min,0.3333333333333333,0.3333333333333333,0.0,C:\Users\LENOVO\Downloads\5G-Network-Slicing-main\5G-Network-Slicing-with-GBDT-ML-Policy\FINAL_OUTPUT_#1\FINAL_OUTPUT_heavy_seed7_20260508_015220
heavy,999,connected_clients_ratio,0.7578092,0.7572277999999999,-0.0767211588352404,C:\Users\LENOVO\Downloads\5G-Network-Slicing-main\5G-Network-Slicing-with-GBDT-ML-Policy\FINAL_OUTPUT_#1\FINAL_OUTPUT_heavy_seed999_20260508_211407
heavy,999,coverage_ratio,0.999438,0.9991607333333332,-0.0277422578155532,C:\Users\LENOVO\Downloads\5G-Network-Slicing-main\5G-Network-Slicing-with-GBDT-ML-Policy\FINAL_OUTPUT_#1\FINAL_OUTPUT_heavy_seed999_20260508_211407
heavy,999,block_ratio,0.0,0.0,0.0,C:\Users\LENOVO\Downloads\5G-Network-Slicing-main\5G-Network-Slicing-with-GBDT-ML-Policy\FINAL_OUTPUT_#1\FINAL_OUTPUT_heavy_seed999_20260508_211407
heavy,999,handover_ratio,0.0,0.0,0.0,C:\Users\LENOVO\Downloads\5G-Network-Slicing-main\5G-Network-Slicing-with-GBDT-ML-Policy\FINAL_OUTPUT_#1\FINAL_OUTPUT_heavy_seed999_20260508_211407
heavy,999,avg_slice_load_ratio,0.7244109645506419,0.7689985136699682,6.155007489013408,C:\Users\LENOVO\Downloads\5G-Network-Slicing-main\5G-Network-Slicing-with-GBDT-ML-Policy\FINAL_OUTPUT_#1\FINAL_OUTPUT_heavy_seed999_20260508_211407
heavy,999,total_bandwidth_usage,1825515630.667617,1937876254.44832,6.155007489013429,C:\Users\LENOVO\Downloads\5G-Network-Slicing-main\5G-Network-Slicing-with-GBDT-ML-Policy\FINAL_OUTPUT_#1\FINAL_OUTPUT_heavy_seed999_20260508_211407
heavy,999,avg_latency_ms,0.7386692394085768,0.7442567016092552,0.7564227535929432,C:\Users\LENOVO\Downloads\5G-Network-Slicing-main\5G-Network-Slicing-with-GBDT-ML-Policy\FINAL_OUTPUT_#1\FINAL_OUTPUT_heavy_seed999_20260508_211407
heavy,999,p95_latency_ms,0.4556346280743459,0.4654059937981924,2.144561699610782,C:\Users\LENOVO\Downloads\5G-Network-Slicing-main\5G-Network-Slicing-with-GBDT-ML-Policy\FINAL_OUTPUT_#1\FINAL_OUTPUT_heavy_seed999_20260508_211407
heavy,999,latency_violation_ratio,0.0,0.0,0.0,C:\Users\LENOVO\Downloads\5G-Network-Slicing-main\5G-Network-Slicing-with-GBDT-ML-Policy\FINAL_OUTPUT_#1\FINAL_OUTPUT_heavy_seed999_20260508_211407
heavy,999,avg_state_sla_violation_share,0.001,0.001,0.0,C:\Users\LENOVO\Downloads\5G-Network-Slicing-main\5G-Network-Slicing-with-GBDT-ML-Policy\FINAL_OUTPUT_#1\FINAL_OUTPUT_heavy_seed999_20260508_211407
heavy,999,bandwidth_jain_fairness,0.4296895461791206,0.4232643436697635,-1.4953127360186376,C:\Users\LENOVO\Downloads\5G-Network-Slicing-main\5G-Network-Slicing-with-GBDT-ML-Policy\FINAL_OUTPUT_#1\FINAL_OUTPUT_heavy_seed999_20260508_211407
heavy,999,bandwidth_jain_fairness_min,0.3333333333333333,0.3333333333333333,0.0,C:\Users\LENOVO\Downloads\5G-Network-Slicing-main\5G-Network-Slicing-with-GBDT-ML-Policy\FINAL_OUTPUT_#1\FINAL_OUTPUT_heavy_seed999_20260508_211407
light,11,connected_clients_ratio,0.8109279999999999,0.8096058333333332,-0.1630436569789949,C:\Users\LENOVO\Downloads\5G-Network-Slicing-main\5G-Network-Slicing-with-GBDT-ML-Policy\FINAL_OUTPUT_#1\FINAL_OUTPUT_light_seed11_20260509_135016
light,11,coverage_ratio,0.9995735,0.998853,-0.0720807424366394,C:\Users\LENOVO\Downloads\5G-Network-Slicing-main\5G-Network-Slicing-with-GBDT-ML-Policy\FINAL_OUTPUT_#1\FINAL_OUTPUT_light_seed11_20260509_135016
light,11,block_ratio,0.0,0.0,0.0,C:\Users\LENOVO\Downloads\5G-Network-Slicing-main\5G-Network-Slicing-with-GBDT-ML-Policy\FINAL_OUTPUT_#1\FINAL_OUTPUT_light_seed11_20260509_135016
light,11,handover_ratio,0.0,0.0,0.0,C:\Users\LENOVO\Downloads\5G-Network-Slicing-main\5G-Network-Slicing-with-GBDT-ML-Policy\FINAL_OUTPUT_#1\FINAL_OUTPUT_light_seed11_20260509_135016
light,11,avg_slice_load_ratio,0.7024719989802601,0.7534902453825039,7.262673313143314,C:\Users\LENOVO\Downloads\5G-Network-Slicing-main\5G-Network-Slicing-with-GBDT-ML-Policy\FINAL_OUTPUT_#1\FINAL_OUTPUT_light_seed11_20260509_135016
light,11,total_bandwidth_usage,330161839.52072227,354140415.3297769,7.262673313143332,C:\Users\LENOVO\Downloads\5G-Network-Slicing-main\5G-Network-Slicing-with-GBDT-ML-Policy\FINAL_OUTPUT_#1\FINAL_OUTPUT_light_seed11_20260509_135016
light,11,avg_latency_ms,0.7500325012332877,0.7485817715457795,-0.1934222430524934,C:\Users\LENOVO\Downloads\5G-Network-Slicing-main\5G-Network-Slicing-with-GBDT-ML-Policy\FINAL_OUTPUT_#1\FINAL_OUTPUT_light_seed11_20260509_135016
light,11,p95_latency_ms,3.314301313789592,3.9806162994860417,20.104236839425475,C:\Users\LENOVO\Downloads\5G-Network-Slicing-main\5G-Network-Slicing-with-GBDT-ML-Policy\FINAL_OUTPUT_#1\FINAL_OUTPUT_light_seed11_20260509_135016
light,11,latency_violation_ratio,0.0,0.0,0.0,C:\Users\LENOVO\Downloads\5G-Network-Slicing-main\5G-Network-Slicing-with-GBDT-ML-Policy\FINAL_OUTPUT_#1\FINAL_OUTPUT_light_seed11_20260509_135016
light,11,avg_state_sla_violation_share,0.0088333333333333,0.0066666666666666,-24.528301886792445,C:\Users\LENOVO\Downloads\5G-Network-Slicing-main\5G-Network-Slicing-with-GBDT-ML-Policy\FINAL_OUTPUT_#1\FINAL_OUTPUT_light_seed11_20260509_135016
light,11,bandwidth_jain_fairness,0.4078732934424372,0.402148051942766,-1.403681386283076,C:\Users\LENOVO\Downloads\5G-Network-Slicing-main\5G-Network-Slicing-with-GBDT-ML-Policy\FINAL_OUTPUT_#1\FINAL_OUTPUT_light_seed11_20260509_135016
light,11,bandwidth_jain_fairness_min,0.3333333333333333,0.3333333333333333,0.0,C:\Users\LENOVO\Downloads\5G-Network-Slicing-main\5G-Network-Slicing-with-GBDT-ML-Policy\FINAL_OUTPUT_#1\FINAL_OUTPUT_light_seed11_20260509_135016
light,1234,connected_clients_ratio,0.8100615,0.8093318333333334,-0.0900754654636257,C:\Users\LENOVO\Downloads\5G-Network-Slicing-main\5G-Network-Slicing-with-GBDT-ML-Policy\FINAL_OUTPUT_#1\FINAL_OUTPUT_light_seed1234_20260508_202306
light,1234,coverage_ratio,0.9991308333333334,0.999105,-0.00258558063384,C:\Users\LENOVO\Downloads\5G-Network-Slicing-main\5G-Network-Slicing-with-GBDT-ML-Policy\FINAL_OUTPUT_#1\FINAL_OUTPUT_light_seed1234_20260508_202306
light,1234,block_ratio,0.0,0.0,0.0,C:\Users\LENOVO\Downloads\5G-Network-Slicing-main\5G-Network-Slicing-with-GBDT-ML-Policy\FINAL_OUTPUT_#1\FINAL_OUTPUT_light_seed1234_20260508_202306
light,1234,handover_ratio,0.0,0.0,0.0,C:\Users\LENOVO\Downloads\5G-Network-Slicing-main\5G-Network-Slicing-with-GBDT-ML-Policy\FINAL_OUTPUT_#1\FINAL_OUTPUT_light_seed1234_20260508_202306
light,1234,avg_slice_load_ratio,0.7013756923699346,0.7511717920882099,7.099775521164033,C:\Users\LENOVO\Downloads\5G-Network-Slicing-main\5G-Network-Slicing-with-GBDT-ML-Policy\FINAL_OUTPUT_#1\FINAL_OUTPUT_light_seed1234_20260508_202306
light,1234,total_bandwidth_usage,329646575.41386926,353050742.2814587,7.099775521164029,C:\Users\LENOVO\Downloads\5G-Network-Slicing-main\5G-Network-Slicing-with-GBDT-ML-Policy\FINAL_OUTPUT_#1\FINAL_OUTPUT_light_seed1234_20260508_202306
light,1234,avg_latency_ms,0.7488632932622334,0.7499944970925824,0.1510561193914476,C:\Users\LENOVO\Downloads\5G-Network-Slicing-main\5G-Network-Slicing-with-GBDT-ML-Policy\FINAL_OUTPUT_#1\FINAL_OUTPUT_light_seed1234_20260508_202306
light,1234,p95_latency_ms,3.1719407338195835,3.7567566657016194,18.437164529799173,C:\Users\LENOVO\Downloads\5G-Network-Slicing-main\5G-Network-Slicing-with-GBDT-ML-Policy\FINAL_OUTPUT_#1\FINAL_OUTPUT_light_seed1234_20260508_202306
light,1234,latency_violation_ratio,0.0,0.0,0.0,C:\Users\LENOVO\Downloads\5G-Network-Slicing-main\5G-Network-Slicing-with-GBDT-ML-Policy\FINAL_OUTPUT_#1\FINAL_OUTPUT_light_seed1234_20260508_202306
light,1234,avg_state_sla_violation_share,0.0059999999999999,0.005,-16.666666666666654,C:\Users\LENOVO\Downloads\5G-Network-Slicing-main\5G-Network-Slicing-with-GBDT-ML-Policy\FINAL_OUTPUT_#1\FINAL_OUTPUT_light_seed1234_20260508_202306
light,1234,bandwidth_jain_fairness,0.4067418171913173,0.4014925350895668,-1.2905685818090933,C:\Users\LENOVO\Downloads\5G-Network-Slicing-main\5G-Network-Slicing-with-GBDT-ML-Policy\FINAL_OUTPUT_#1\FINAL_OUTPUT_light_seed1234_20260508_202306
light,1234,bandwidth_jain_fairness_min,0.3333333333333333,0.3333333333333333,0.0,C:\Users\LENOVO\Downloads\5G-Network-Slicing-main\5G-Network-Slicing-with-GBDT-ML-Policy\FINAL_OUTPUT_#1\FINAL_OUTPUT_light_seed1234_20260508_202306
light,123,connected_clients_ratio,0.8134565,0.8124896666666666,-0.1188549520882152,C:\Users\LENOVO\Downloads\5G-Network-Slicing-main\5G-Network-Slicing-with-GBDT-ML-Policy\FINAL_OUTPUT_#1\FINAL_OUTPUT_light_seed123_20260508_093101
light,123,coverage_ratio,0.9991858333333332,0.9993573333333332,0.0171639743357708,C:\Users\LENOVO\Downloads\5G-Network-Slicing-main\5G-Network-Slicing-with-GBDT-ML-Policy\FINAL_OUTPUT_#1\FINAL_OUTPUT_light_seed123_20260508_093101
light,123,block_ratio,0.0,0.0,0.0,C:\Users\LENOVO\Downloads\5G-Network-Slicing-main\5G-Network-Slicing-with-GBDT-ML-Policy\FINAL_OUTPUT_#1\FINAL_OUTPUT_light_seed123_20260508_093101
light,123,handover_ratio,0.0,0.0,0.0,C:\Users\LENOVO\Downloads\5G-Network-Slicing-main\5G-Network-Slicing-with-GBDT-ML-Policy\FINAL_OUTPUT_#1\FINAL_OUTPUT_light_seed123_20260508_093101
light,123,avg_slice_load_ratio,0.7003050550739167,0.7508208290272287,7.213395589152226,C:\Users\LENOVO\Downloads\5G-Network-Slicing-main\5G-Network-Slicing-with-GBDT-ML-Policy\FINAL_OUTPUT_#1\FINAL_OUTPUT_light_seed123_20260508_093101
light,123,total_bandwidth_usage,329143375.8847408,352885789.64279747,7.21339558915223,C:\Users\LENOVO\Downloads\5G-Network-Slicing-main\5G-Network-Slicing-with-GBDT-ML-Policy\FINAL_OUTPUT_#1\FINAL_OUTPUT_light_seed123_20260508_093101
light,123,avg_latency_ms,0.7647650863579332,0.7651046526774572,0.0444013888161605,C:\Users\LENOVO\Downloads\5G-Network-Slicing-main\5G-Network-Slicing-with-GBDT-ML-Policy\FINAL_OUTPUT_#1\FINAL_OUTPUT_light_seed123_20260508_093101
light,123,p95_latency_ms,3.5295062407624,4.110347876260179,16.456739154888506,C:\Users\LENOVO\Downloads\5G-Network-Slicing-main\5G-Network-Slicing-with-GBDT-ML-Policy\FINAL_OUTPUT_#1\FINAL_OUTPUT_light_seed123_20260508_093101
light,123,latency_violation_ratio,0.0,0.0,0.0,C:\Users\LENOVO\Downloads\5G-Network-Slicing-main\5G-Network-Slicing-with-GBDT-ML-Policy\FINAL_OUTPUT_#1\FINAL_OUTPUT_light_seed123_20260508_093101
light,123,avg_state_sla_violation_share,0.0091666666666666,0.0066666666666666,-27.27272727272728,C:\Users\LENOVO\Downloads\5G-Network-Slicing-main\5G-Network-Slicing-with-GBDT-ML-Policy\FINAL_OUTPUT_#1\FINAL_OUTPUT_light_seed123_20260508_093101
light,123,bandwidth_jain_fairness,0.4055162889619561,0.4000576418219984,-1.3460981194937274,C:\Users\LENOVO\Downloads\5G-Network-Slicing-main\5G-Network-Slicing-with-GBDT-ML-Policy\FINAL_OUTPUT_#1\FINAL_OUTPUT_light_seed123_20260508_093101
light,123,bandwidth_jain_fairness_min,0.3333333333333333,0.3333333333333333,0.0,C:\Users\LENOVO\Downloads\5G-Network-Slicing-main\5G-Network-Slicing-with-GBDT-ML-Policy\FINAL_OUTPUT_#1\FINAL_OUTPUT_light_seed123_20260508_093101
light,256,connected_clients_ratio,0.8116038333333333,0.8104368333333334,-0.143789365213683,C:\Users\LENOVO\Downloads\5G-Network-Slicing-main\5G-Network-Slicing-with-GBDT-ML-Policy\FINAL_OUTPUT_#1\FINAL_OUTPUT_light_seed256_20260508_102710
light,256,coverage_ratio,0.9988698333333336,0.9991036666666666,0.0234097902979839,C:\Users\LENOVO\Downloads\5G-Network-Slicing-main\5G-Network-Slicing-with-GBDT-ML-Policy\FINAL_OUTPUT_#1\FINAL_OUTPUT_light_seed256_20260508_102710
light,256,block_ratio,0.0,0.0,0.0,C:\Users\LENOVO\Downloads\5G-Network-Slicing-main\5G-Network-Slicing-with-GBDT-ML-Policy\FINAL_OUTPUT_#1\FINAL_OUTPUT_light_seed256_20260508_102710
light,256,handover_ratio,0.0,0.0,0.0,C:\Users\LENOVO\Downloads\5G-Network-Slicing-main\5G-Network-Slicing-with-GBDT-ML-Policy\FINAL_OUTPUT_#1\FINAL_OUTPUT_light_seed256_20260508_102710
light,256,avg_slice_load_ratio,0.7037090002921309,0.7558253311455001,7.40594916815532,C:\Users\LENOVO\Downloads\5G-Network-Slicing-main\5G-Network-Slicing-with-GBDT-ML-Policy\FINAL_OUTPUT_#1\FINAL_OUTPUT_light_seed256_20260508_102710
light,256,total_bandwidth_usage,330743230.1373015,355237905.63838506,7.40594916815533,C:\Users\LENOVO\Downloads\5G-Network-Slicing-main\5G-Network-Slicing-with-GBDT-ML-Policy\FINAL_OUTPUT_#1\FINAL_OUTPUT_light_seed256_20260508_102710
light,256,avg_latency_ms,0.7434987088221138,0.7424858467030897,-0.1362291698702068,C:\Users\LENOVO\Downloads\5G-Network-Slicing-main\5G-Network-Slicing-with-GBDT-ML-Policy\FINAL_OUTPUT_#1\FINAL_OUTPUT_light_seed256_20260508_102710
light,256,p95_latency_ms,3.3055289621352566,3.94487610589634,19.341749870740426,C:\Users\LENOVO\Downloads\5G-Network-Slicing-main\5G-Network-Slicing-with-GBDT-ML-Policy\FINAL_OUTPUT_#1\FINAL_OUTPUT_light_seed256_20260508_102710
light,256,latency_violation_ratio,0.0,0.0,0.0,C:\Users\LENOVO\Downloads\5G-Network-Slicing-main\5G-Network-Slicing-with-GBDT-ML-Policy\FINAL_OUTPUT_#1\FINAL_OUTPUT_light_seed256_20260508_102710
light,256,avg_state_sla_violation_share,0.0076666666666666,0.008,4.34782608695653,C:\Users\LENOVO\Downloads\5G-Network-Slicing-main\5G-Network-Slicing-with-GBDT-ML-Policy\FINAL_OUTPUT_#1\FINAL_OUTPUT_light_seed256_20260508_102710
light,256,bandwidth_jain_fairness,0.409207230302571,0.4033675954291587,-1.427060530942818,C:\Users\LENOVO\Downloads\5G-Network-Slicing-main\5G-Network-Slicing-with-GBDT-ML-Policy\FINAL_OUTPUT_#1\FINAL_OUTPUT_light_seed256_20260508_102710
light,256,bandwidth_jain_fairness_min,0.3333333333333333,0.3333333333333333,0.0,C:\Users\LENOVO\Downloads\5G-Network-Slicing-main\5G-Network-Slicing-with-GBDT-ML-Policy\FINAL_OUTPUT_#1\FINAL_OUTPUT_light_seed256_20260508_102710
light,42,connected_clients_ratio,0.821229,0.8202508333333333,-0.1191100979954098,C:\Users\LENOVO\Downloads\5G-Network-Slicing-main\5G-Network-Slicing-with-GBDT-ML-Policy\FINAL_OUTPUT_#1\FINAL_OUTPUT_light_seed42_20260508_012305
light,42,coverage_ratio,0.9994098333333332,0.9993736666666666,-0.0036188023631895,C:\Users\LENOVO\Downloads\5G-Network-Slicing-main\5G-Network-Slicing-with-GBDT-ML-Policy\FINAL_OUTPUT_#1\FINAL_OUTPUT_light_seed42_20260508_012305
light,42,block_ratio,0.0,0.0,0.0,C:\Users\LENOVO\Downloads\5G-Network-Slicing-main\5G-Network-Slicing-with-GBDT-ML-Policy\FINAL_OUTPUT_#1\FINAL_OUTPUT_light_seed42_20260508_012305
light,42,handover_ratio,0.0,0.0,0.0,C:\Users\LENOVO\Downloads\5G-Network-Slicing-main\5G-Network-Slicing-with-GBDT-ML-Policy\FINAL_OUTPUT_#1\FINAL_OUTPUT_light_seed42_20260508_012305
light,42,avg_slice_load_ratio,0.6981988153177143,0.750268567708577,7.457725686224258,C:\Users\LENOVO\Downloads\5G-Network-Slicing-main\5G-Network-Slicing-with-GBDT-ML-Policy\FINAL_OUTPUT_#1\FINAL_OUTPUT_light_seed42_20260508_012305
light,42,total_bandwidth_usage,328153443.19932574,352626226.8230312,7.457725686224258,C:\Users\LENOVO\Downloads\5G-Network-Slicing-main\5G-Network-Slicing-with-GBDT-ML-Policy\FINAL_OUTPUT_#1\FINAL_OUTPUT_light_seed42_20260508_012305
light,42,avg_latency_ms,0.7960804545368858,0.7956872483172096,-0.0493927739885217,C:\Users\LENOVO\Downloads\5G-Network-Slicing-main\5G-Network-Slicing-with-GBDT-ML-Policy\FINAL_OUTPUT_#1\FINAL_OUTPUT_light_seed42_20260508_012305
light,42,p95_latency_ms,4.074985622650598,4.636945812396608,13.790482759555845,C:\Users\LENOVO\Downloads\5G-Network-Slicing-main\5G-Network-Slicing-with-GBDT-ML-Policy\FINAL_OUTPUT_#1\FINAL_OUTPUT_light_seed42_20260508_012305
light,42,latency_violation_ratio,0.0,0.0,0.0,C:\Users\LENOVO\Downloads\5G-Network-Slicing-main\5G-Network-Slicing-with-GBDT-ML-Policy\FINAL_OUTPUT_#1\FINAL_OUTPUT_light_seed42_20260508_012305
light,42,avg_state_sla_violation_share,0.0166666666666666,0.0143333333333333,-13.99999999999999,C:\Users\LENOVO\Downloads\5G-Network-Slicing-main\5G-Network-Slicing-with-GBDT-ML-Policy\FINAL_OUTPUT_#1\FINAL_OUTPUT_light_seed42_20260508_012305
light,42,bandwidth_jain_fairness,0.4031598702730855,0.3977710601791797,-1.3366434735321284,C:\Users\LENOVO\Downloads\5G-Network-Slicing-main\5G-Network-Slicing-with-GBDT-ML-Policy\FINAL_OUTPUT_#1\FINAL_OUTPUT_light_seed42_20260508_012305
light,42,bandwidth_jain_fairness_min,0.3333333333333333,0.3333333333333333,0.0,C:\Users\LENOVO\Downloads\5G-Network-Slicing-main\5G-Network-Slicing-with-GBDT-ML-Policy\FINAL_OUTPUT_#1\FINAL_OUTPUT_light_seed42_20260508_012305
light,7,connected_clients_ratio,0.8108673333333334,0.8104473333333333,-0.0517963892161669,C:\Users\LENOVO\Downloads\5G-Network-Slicing-main\5G-Network-Slicing-with-GBDT-ML-Policy\FINAL_OUTPUT_#1\FINAL_OUTPUT_light_seed7_20260508_005344
light,7,coverage_ratio,0.999698,0.999596,-0.0102030813305553,C:\Users\LENOVO\Downloads\5G-Network-Slicing-main\5G-Network-Slicing-with-GBDT-ML-Policy\FINAL_OUTPUT_#1\FINAL_OUTPUT_light_seed7_20260508_005344
light,7,block_ratio,0.0,0.0,0.0,C:\Users\LENOVO\Downloads\5G-Network-Slicing-main\5G-Network-Slicing-with-GBDT-ML-Policy\FINAL_OUTPUT_#1\FINAL_OUTPUT_light_seed7_20260508_005344
light,7,handover_ratio,0.0,0.0,0.0,C:\Users\LENOVO\Downloads\5G-Network-Slicing-main\5G-Network-Slicing-with-GBDT-ML-Policy\FINAL_OUTPUT_#1\FINAL_OUTPUT_light_seed7_20260508_005344
light,7,avg_slice_load_ratio,0.7018553573997633,0.7524848969478257,7.21367145157015,C:\Users\LENOVO\Downloads\5G-Network-Slicing-main\5G-Network-Slicing-with-GBDT-ML-Policy\FINAL_OUTPUT_#1\FINAL_OUTPUT_light_seed7_20260508_005344
light,7,total_bandwidth_usage,329872017.9778887,353667901.56547815,7.21367145157019,C:\Users\LENOVO\Downloads\5G-Network-Slicing-main\5G-Network-Slicing-with-GBDT-ML-Policy\FINAL_OUTPUT_#1\FINAL_OUTPUT_light_seed7_20260508_005344
light,7,avg_latency_ms,0.749874727148433,0.7489243270909738,-0.1267411772994772,C:\Users\LENOVO\Downloads\5G-Network-Slicing-main\5G-Network-Slicing-with-GBDT-ML-Policy\FINAL_OUTPUT_#1\FINAL_OUTPUT_light_seed7_20260508_005344
light,7,p95_latency_ms,3.228229988541345,3.7768627170195015,16.994846415080023,C:\Users\LENOVO\Downloads\5G-Network-Slicing-main\5G-Network-Slicing-with-GBDT-ML-Policy\FINAL_OUTPUT_#1\FINAL_OUTPUT_light_seed7_20260508_005344
light,7,latency_violation_ratio,0.0,0.0,0.0,C:\Users\LENOVO\Downloads\5G-Network-Slicing-main\5G-Network-Slicing-with-GBDT-ML-Policy\FINAL_OUTPUT_#1\FINAL_OUTPUT_light_seed7_20260508_005344
light,7,avg_state_sla_violation_share,0.0069999999999999,0.0059999999999999,-14.285714285714288,C:\Users\LENOVO\Downloads\5G-Network-Slicing-main\5G-Network-Slicing-with-GBDT-ML-Policy\FINAL_OUTPUT_#1\FINAL_OUTPUT_light_seed7_20260508_005344
light,7,bandwidth_jain_fairness,0.4072396765595176,0.401866522263218,-1.3194083498183806,C:\Users\LENOVO\Downloads\5G-Network-Slicing-main\5G-Network-Slicing-with-GBDT-ML-Policy\FINAL_OUTPUT_#1\FINAL_OUTPUT_light_seed7_20260508_005344
light,7,bandwidth_jain_fairness_min,0.3333333333333333,0.3333333333333333,0.0,C:\Users\LENOVO\Downloads\5G-Network-Slicing-main\5G-Network-Slicing-with-GBDT-ML-Policy\FINAL_OUTPUT_#1\FINAL_OUTPUT_light_seed7_20260508_005344
light,999,connected_clients_ratio,0.8093678333333334,0.8084841666666667,-0.1091798599194878,C:\Users\LENOVO\Downloads\5G-Network-Slicing-main\5G-Network-Slicing-with-GBDT-ML-Policy\FINAL_OUTPUT_#1\FINAL_OUTPUT_light_seed999_20260508_180957
light,999,coverage_ratio,0.999033,0.9991825,0.0149644706431032,C:\Users\LENOVO\Downloads\5G-Network-Slicing-main\5G-Network-Slicing-with-GBDT-ML-Policy\FINAL_OUTPUT_#1\FINAL_OUTPUT_light_seed999_20260508_180957
light,999,block_ratio,0.0,0.0,0.0,C:\Users\LENOVO\Downloads\5G-Network-Slicing-main\5G-Network-Slicing-with-GBDT-ML-Policy\FINAL_OUTPUT_#1\FINAL_OUTPUT_light_seed999_20260508_180957
light,999,handover_ratio,0.0,0.0,0.0,C:\Users\LENOVO\Downloads\5G-Network-Slicing-main\5G-Network-Slicing-with-GBDT-ML-Policy\FINAL_OUTPUT_#1\FINAL_OUTPUT_light_seed999_20260508_180957
light,999,avg_slice_load_ratio,0.702101970636286,0.7517665777847625,7.073702855935236,C:\Users\LENOVO\Downloads\5G-Network-Slicing-main\5G-Network-Slicing-with-GBDT-ML-Policy\FINAL_OUTPUT_#1\FINAL_OUTPUT_light_seed999_20260508_180957
light,999,total_bandwidth_usage,329987926.1990544,353330291.5588384,7.073702855935229,C:\Users\LENOVO\Downloads\5G-Network-Slicing-main\5G-Network-Slicing-with-GBDT-ML-Policy\FINAL_OUTPUT_#1\FINAL_OUTPUT_light_seed999_20260508_180957
light,999,avg_latency_ms,0.7458687512518767,0.7477978854689468,0.2586425847486165,C:\Users\LENOVO\Downloads\5G-Network-Slicing-main\5G-Network-Slicing-with-GBDT-ML-Policy\FINAL_OUTPUT_#1\FINAL_OUTPUT_light_seed999_20260508_180957
light,999,p95_latency_ms,3.102838709071538,3.7495160617695857,20.84147496314924,C:\Users\LENOVO\Downloads\5G-Network-Slicing-main\5G-Network-Slicing-with-GBDT-ML-Policy\FINAL_OUTPUT_#1\FINAL_OUTPUT_light_seed999_20260508_180957
light,999,latency_violation_ratio,0.0,0.0,0.0,C:\Users\LENOVO\Downloads\5G-Network-Slicing-main\5G-Network-Slicing-with-GBDT-ML-Policy\FINAL_OUTPUT_#1\FINAL_OUTPUT_light_seed999_20260508_180957
light,999,avg_state_sla_violation_share,0.0048333333333333,0.0053333333333333,10.344827586206923,C:\Users\LENOVO\Downloads\5G-Network-Slicing-main\5G-Network-Slicing-with-GBDT-ML-Policy\FINAL_OUTPUT_#1\FINAL_OUTPUT_light_seed999_20260508_180957
light,999,bandwidth_jain_fairness,0.4075314772908874,0.4018633048957653,-1.3908551145059909,C:\Users\LENOVO\Downloads\5G-Network-Slicing-main\5G-Network-Slicing-with-GBDT-ML-Policy\FINAL_OUTPUT_#1\FINAL_OUTPUT_light_seed999_20260508_180957
light,999,bandwidth_jain_fairness_min,0.3333333333333333,0.3333333333333333,0.0,C:\Users\LENOVO\Downloads\5G-Network-Slicing-main\5G-Network-Slicing-with-GBDT-ML-Policy\FINAL_OUTPUT_#1\FINAL_OUTPUT_light_seed999_20260508_180957
