scope,horizon,slice_name,support,positive_rows,positive_rate,positive_time_min,positive_time_max,tp,fp,fn,tn,precision,recall,f1,roc_auc
full_dataset_diagnostic,1,URLLC,2744,1540,0.5612244897959183,3.0,198.0,1505,526,35,678,0.741014278680453,0.9772727272727273,0.8429011481377766,0.9690005177546706
full_dataset_diagnostic,1,eMBB,2744,98,0.03571428571428571,3.0,15.0,98,0,0,2646,1.0,1.0,1.0,1.0
full_dataset_diagnostic,1,mMTC,2744,98,0.03571428571428571,3.0,15.0,98,0,0,2646,1.0,1.0,1.0,1.0
full_dataset_diagnostic,3,URLLC,2744,1953,0.7117346938775511,3.0,198.0,1931,421,22,370,0.8210034013605442,0.9887352790578597,0.897096399535424,0.9772310484761038
full_dataset_diagnostic,3,eMBB,2744,98,0.03571428571428571,3.0,15.0,98,0,0,2646,1.0,1.0,1.0,1.0
full_dataset_diagnostic,3,mMTC,2744,98,0.03571428571428571,3.0,15.0,98,0,0,2646,1.0,1.0,1.0,1.0
full_dataset_diagnostic,5,URLLC,2744,2135,0.7780612244897959,3.0,198.0,2135,258,0,351,0.8921855411617217,1.0,0.9430212014134276,0.9959629753540761
full_dataset_diagnostic,5,eMBB,2744,98,0.03571428571428571,3.0,15.0,98,0,0,2646,1.0,1.0,1.0,1.0
full_dataset_diagnostic,5,mMTC,2744,98,0.03571428571428571,3.0,15.0,98,0,0,2646,1.0,1.0,1.0,1.0
