base_station_id,slice_name,avg_bandwidth_usage_mbps_baseline,avg_bandwidth_usage_mbps_ml,avg_bandwidth_usage_mbps_delta,avg_bandwidth_usage_mbps_delta_pct,avg_slice_capacity_mbps_baseline,avg_slice_capacity_mbps_ml,avg_slice_capacity_mbps_delta,avg_slice_capacity_mbps_delta_pct,avg_slice_load_ratio_baseline,avg_slice_load_ratio_ml,avg_slice_load_ratio_delta,avg_slice_load_ratio_delta_pct,avg_remaining_capacity_ratio_baseline,avg_remaining_capacity_ratio_ml,avg_remaining_capacity_ratio_delta,avg_remaining_capacity_ratio_delta_pct,avg_request_count_per_window_baseline,avg_request_count_per_window_ml,avg_request_count_per_window_delta,avg_request_count_per_window_delta_pct,total_request_count_baseline,total_request_count_ml,total_request_count_delta,total_request_count_delta_pct,avg_requested_usage_mbps_per_window_baseline,avg_requested_usage_mbps_per_window_ml,avg_requested_usage_mbps_per_window_delta,avg_requested_usage_mbps_per_window_delta_pct,avg_clients_seen_per_window_baseline,avg_clients_seen_per_window_ml,avg_clients_seen_per_window_delta,avg_clients_seen_per_window_delta_pct,avg_state_sla_violation_share_baseline,avg_state_sla_violation_share_ml,avg_state_sla_violation_share_delta,avg_state_sla_violation_share_delta_pct,avg_sla_safety_margin_baseline,avg_sla_safety_margin_ml,avg_sla_safety_margin_delta,avg_sla_safety_margin_delta_pct,avg_sla_breach_count_per_window_baseline,avg_sla_breach_count_per_window_ml,avg_sla_breach_count_per_window_delta,avg_sla_breach_count_per_window_delta_pct
BS_0,URLLC,12.8578401505,12.7484869535,-0.10935319699999901,-0.8504787407529455,84.0,84.0,0.0,0.0,0.15306952560119047,0.15176770182738097,-0.0013018237738094962,-0.8504787407529351,0.8469304743988095,0.848232298172619,0.0013018237738094962,0.15371081961994473,37.7935,37.5655,-0.22800000000000153,-0.6032783415137564,75587.0,75131.0,-456.0,-0.6032783415137524,12.8578401505,12.7484869535,-0.10935319699999901,-0.8504787407529455,115.2345,115.708,0.47350000000000136,0.4109012491918665,0.001,0.001,0.0,0.0,0.19555883235838842,0.14555409536045022,-0.0500047369979382,-25.570175683140533,0.001,0.001,0.0,0.0
BS_0,eMBB,259.61518957521116,287.67396381529215,28.058774240080993,10.807832271290236,260.4,290.320074684724,29.920074684724,11.49004404175269,0.9969861350814562,0.9908361915410899,-0.006149943540366243,-0.6168534670608812,0.003013864918543835,0.00916380845891016,0.006149943540366326,204.05504913397726,3.3685,3.738,0.36949999999999994,10.969274157636928,6737.0,7476.0,739.0,10.969274157636931,275.8769250535,307.15090918550004,31.273984132000066,11.336208755384378,661.82,661.675,-0.1450000000000955,-0.02190928046902413,0.001,0.001,0.0,0.0,0.21300879010905152,0.16409111261106846,-0.048917677497983064,-22.96509804733376,0.001,0.001,0.0,0.0
BS_0,mMTC,16.1389206105,16.138032667,-0.0008879435000004321,-0.00550187662130722,75.6,45.67992531527604,-29.920074684723957,-39.57681836603698,0.2134777858531746,0.35384093885939655,0.14036315300622196,65.75070677506497,0.7865222141468253,0.6461590611406035,-0.14036315300622182,-17.846050687643935,71.7695,71.752,-0.017499999999998295,-0.024383616996075348,143539.0,143504.0,-35.0,-0.02438361699607772,16.1467823885,16.1456842515,-0.0010981369999996105,-0.006800964883144281,295.2495,295.489,0.23949999999996407,0.08111783423848781,0.001,0.001,0.0,0.0,0.21300879010905152,0.16409111261106846,-0.048917677497983064,-22.96509804733376,0.001,0.001,0.0,0.0
BS_1,URLLC,16.472276863,16.365866354,-0.10641050899999982,-0.6459975745005775,63.0,69.986,6.986000000000004,11.088888888888896,0.2614647121111111,0.23385571516587303,-0.02760899694523808,-10.559358745705408,0.7385352878888889,0.766144284834127,0.027608996945238107,3.738344991497796,48.47,48.19,-0.28000000000000114,-0.5776769135547785,96940.0,96380.0,-560.0,-0.5776769135547761,16.472276863,16.365866354,-0.10641050899999982,-0.6459975745005775,148.304,147.6465,-0.6574999999999989,-0.44334609990290136,0.001,0.001,0.0,0.0,0.19555883235838842,0.14555409536045022,-0.0500047369979382,-25.570175683140533,0.001,0.001,0.0,0.0
BS_1,eMBB,223.34818705277002,237.24920668324697,13.901019630476952,6.223923199874726,224.0,240.37185375337648,16.371853753376485,7.308863282757359,0.9970901207712947,0.9869792922825721,-0.010110828488722579,-1.0140335640775773,0.0029098792287053136,0.013020707717427991,0.010110828488722677,347.46557138803547,2.891,3.083,0.19200000000000017,6.641300588031829,5782.0,6166.0,384.0,6.641300588031823,239.19576784400002,255.08303557,15.887267725999976,6.641951849399534,605.4785,605.426,-0.052500000000009095,-0.008670828113633943,0.001,0.001,0.0,0.0,0.21300879010905152,0.16409111261106846,-0.048917677497983064,-22.96509804733376,0.001,0.001,0.0,0.0
BS_1,mMTC,17.268880298,17.239389964,-0.02949033399999834,-0.17077154680036652,63.0,39.64214624662353,-23.357853753376467,-37.07595833869281,0.2741092110793651,0.4357033253596172,0.1615941142802521,58.95245681235588,0.725890788920635,0.5642966746403828,-0.16159411428025217,-22.26149122522066,76.7445,76.787,0.04250000000000398,0.05537856133013307,153489.0,153574.0,85.0,0.05537856133012789,17.277566605500002,17.249021423000002,-0.028545182500000266,-0.16521529421228462,315.791,316.452,0.6610000000000014,0.20931565497433474,0.001,0.001,0.0,0.0,0.21300879010905152,0.16409111261106846,-0.048917677497983064,-22.96509804733376,0.001,0.001,0.0,0.0
BS_2,URLLC,14.4027374045,14.474487028,0.07174962350000058,0.4981665740679483,63.0,69.986,6.986000000000004,11.088888888888896,0.22861487943650796,0.2068255896452381,-0.021789289791269872,-9.531002463608806,0.7713851205634921,0.7931744103547619,0.021789289791269817,2.8246966671269047,42.293,42.5715,0.2785000000000011,0.6585014068522004,84586.0,85143.0,557.0,0.6585014068521977,14.4027374045,14.474487028,0.07174962350000058,0.4981665740679483,131.7195,131.76,0.04049999999998022,0.03074715588806533,0.001,0.001,0.0,0.0,0.19555883235838842,0.14555409536045022,-0.0500047369979382,-25.570175683140533,0.001,0.001,0.0,0.0
BS_2,eMBB,223.35604822048649,237.45528100571053,14.099232785224046,6.312447277588809,224.0,240.01376918435494,16.013769184354942,7.149004100158455,0.9971252152700288,0.9893095649120401,-0.007815650357988702,-0.7838183448075943,0.002874784729971114,0.010690435087959858,0.007815650357988743,271.8690647166223,2.855,3.116,0.2610000000000001,9.141856392294224,5710.0,6232.0,522.0,9.14185639229422,238.953523695,255.5861571585,16.632633463499985,6.960614435102393,606.032,606.3915,0.3594999999999118,0.059320299918141584,0.001,0.001,0.0,0.0,0.21300879010905152,0.16409111261106846,-0.048917677497983064,-22.96509804733376,0.001,0.001,0.0,0.0
BS_2,mMTC,18.182686085,18.13053819400001,-0.052147890999989954,-0.2867997102089878,63.0,40.00023081564512,-22.999769184354882,-36.507570133896635,0.28861406484126984,0.45420557909131304,0.1655915142500432,57.374720923983446,0.7113859351587302,0.5457944209086869,-0.16559151425004326,-23.277310678499028,80.7815,80.6555,-0.12599999999999056,-0.1559763064562933,161563.0,161311.0,-252.0,-0.15597630645630495,18.1935661,18.141163318999997,-0.05240278100000495,-0.2880291896155803,334.165,333.7545,-0.4105000000000132,-0.12284350545389648,0.001,0.001,0.0,0.0,0.21300879010905152,0.16409111261106846,-0.048917677497983064,-22.96509804733376,0.001,0.001,0.0,0.0
BS_3,URLLC,13.3008349395,13.131303534,-0.169531405499999,-1.274592206212071,63.0,69.986,6.986000000000004,11.088888888888896,0.21112436411904761,0.1876352634293651,-0.02348910068968252,-11.12571767246987,0.7888756358809523,0.8123647365706349,0.023489100689682574,2.977541658192023,39.1085,38.673,-0.43549999999999756,-1.1135686615441593,78217.0,77346.0,-871.0,-1.1135686615441656,13.3008349395,13.131303534,-0.169531405499999,-1.274592206212071,120.4455,119.286,-1.1594999999999942,-0.9626760651082807,0.001,0.001,0.0,0.0,0.19555883235838842,0.14555409536045022,-0.0500047369979382,-25.570175683140533,0.001,0.001,0.0,0.0
BS_3,eMBB,223.36545172073622,237.79931536334914,14.43386364261292,6.461994695875767,224.0,240.02677117530317,16.026771175303168,7.1548085604032,0.997167195181858,0.9906895364568327,-0.00647765872502537,-0.649606079735105,0.002832804818141968,0.009310463543167297,0.006477658725025329,228.66590326099535,2.9005,3.125,0.22449999999999992,7.7400448198586425,5801.0,6250.0,449.0,7.740044819858645,238.5038375355,255.391238851,16.8874013155,7.080557482848217,622.818,623.9075,1.0895000000000437,0.17493071812311842,0.001,0.001,0.0,0.0,0.21300879010905152,0.16409111261106846,-0.048917677497983064,-22.96509804733376,0.001,0.001,0.0,0.0
BS_3,mMTC,17.998335791000002,18.012555228,0.014219436999997725,0.07900417663675383,63.0,39.98722882469686,-23.012771175303143,-36.52820821476689,0.2856878696984127,0.45125067080145903,0.16556280110304633,57.95233843068773,0.7143121303015874,0.548749329198541,-0.16556280110304633,-23.177934978248878,80.101,80.079,-0.02200000000000557,-0.027465325027160176,160202.0,160158.0,-44.0,-0.02746532502715322,18.006414677000002,18.0208438185,0.014429141499999076,0.08013334002814976,327.657,327.8765,0.2195000000000391,0.06699078609644815,0.001,0.001,0.0,0.0,0.21300879010905152,0.16409111261106846,-0.048917677497983064,-22.96509804733376,0.001,0.001,0.0,0.0
BS_4,URLLC,16.4054356165,16.471224072000002,0.06578845550000167,0.40101620607888033,63.0,69.986,6.986000000000004,11.088888888888896,0.26040373994444443,0.23535418877777778,-0.025049551166666656,-9.619505146896442,0.7395962600555556,0.7646458112222223,0.02504955116666674,3.3869223682641545,48.148,48.494,0.34599999999999653,0.7186175957464412,96296.0,96988.0,692.0,0.7186175957464485,16.4054356165,16.471224072000002,0.06578845550000167,0.40101620607888033,149.04,150.382,1.342000000000013,0.9004294149221773,0.001,0.001,0.0,0.0,0.19555883235838842,0.14555409536045022,-0.0500047369979382,-25.570175683140533,0.001,0.001,0.0,0.0
BS_4,eMBB,223.35393642775216,237.5106133254177,14.156676897665534,6.338225832990754,224.0,240.03776220418217,16.037762204182172,7.159715269724185,0.9971157876238935,0.9894419313657307,-0.007673856258162859,-0.7696053310367797,0.0028842123761064196,0.010558068634269413,0.007673856258162994,266.064188675399,2.8765,3.0835,0.20699999999999985,7.196245437163213,5753.0,6167.0,414.0,7.19624543716322,238.4177510605,255.346351884,16.928600823500005,7.100394474908149,598.2,596.6245,-1.5755000000000337,-0.26337345369442217,0.001,0.001,0.0,0.0,0.21300879010905152,0.16409111261106846,-0.048917677497983064,-22.96509804733376,0.001,0.001,0.0,0.0
BS_4,mMTC,17.847279586,17.91281941700001,0.06553983100000949,0.3672258883164531,63.0,39.97623779581783,-23.02376220418217,-36.545654292352644,0.28329015215873016,0.4489453546682617,0.16565520250953153,58.475453963790926,0.7167098478412698,0.5510546453317382,-0.16565520250953158,-23.11328677964801,79.3325,79.5595,0.22700000000000387,0.2861374594270997,158665.0,159119.0,454.0,0.28613745942709484,17.856595137,17.9227908745,0.0661957374999993,0.3707075004620423,321.463,322.4855,1.0224999999999795,0.318077041525768,0.001,0.001,0.0,0.0,0.21300879010905152,0.16409111261106846,-0.048917677497983064,-22.96509804733376,0.001,0.001,0.0,0.0
BS_5,URLLC,14.4437599085,14.336826154999999,-0.10693375350000167,-0.7403456868392855,63.0,69.986,6.986000000000004,11.088888888888896,0.2292660302936508,0.2048512863484127,-0.0244147439452381,-10.64908914502814,0.7707339697063492,0.7951487136515872,0.024414743945238015,3.167726466570569,42.5065,42.1905,-0.3160000000000025,-0.7434157128909755,85013.0,84381.0,-632.0,-0.7434157128909696,14.4437599085,14.336826154999999,-0.10693375350000167,-0.7403456868392855,130.6445,130.275,-0.36949999999998795,-0.2828285920953335,0.001,0.001,0.0,0.0,0.19555883235838842,0.14555409536045022,-0.0500047369979382,-25.570175683140533,0.001,0.001,0.0,0.0
BS_5,eMBB,223.37736679508285,237.78345717300684,14.406090377923988,6.449216670702157,224.0,240.33841127009606,16.33841127009606,7.293933602721456,0.9972203874780483,0.9893369635941988,-0.00788342388384955,-0.7905397826639485,0.00277961252195166,0.010663036405801251,0.007883423883849591,283.6159292560091,2.894,3.111,0.21700000000000008,7.498272287491364,5788.0,6222.0,434.0,7.498272287491361,239.0876869665,256.3317935425,17.244106576000007,7.212461166357004,626.7635,629.167,2.403500000000008,0.38347797853576476,0.001,0.001,0.0,0.0,0.21300879010905152,0.16409111261106846,-0.048917677497983064,-22.96509804733376,0.001,0.001,0.0,0.0
BS_5,mMTC,17.241679308,17.149864743,-0.09181456499999996,-0.5325152113077452,63.0,39.67558872990392,-23.32441127009608,-37.022875031898536,0.2736774493333334,0.4330741887012087,0.1593967393678753,58.24255515248296,0.7263225506666666,0.5669258112987913,-0.15939673936787535,-21.94572359368032,76.64,76.4005,-0.2395000000000067,-0.3125000000000087,153280.0,152801.0,-479.0,-0.3125,17.249197569,17.157628692000003,-0.09156887699999672,-0.5308587639146932,313.0405,312.2145,-0.8260000000000218,-0.26386362148029463,0.001,0.001,0.0,0.0,0.21300879010905152,0.16409111261106846,-0.048917677497983064,-22.96509804733376,0.001,0.001,0.0,0.0
BS_6,URLLC,13.2369583515,13.1762684715,-0.060689879999999974,-0.45848810873626905,63.0,69.986,6.986000000000004,11.088888888888896,0.21011045002380954,0.1882752986857143,-0.021835151338095243,-10.392225296562309,0.7898895499761904,0.8117247013142858,0.021835151338095327,2.7643296887208475,38.9385,38.765,-0.1734999999999971,-0.4455744314752677,77877.0,77530.0,-347.0,-0.4455744314752751,13.2369583515,13.1762684715,-0.060689879999999974,-0.45848810873626905,119.031,118.9235,-0.1075000000000017,-0.09031260764002798,0.001,0.001,0.0,0.0,0.19555883235838842,0.14555409536045022,-0.0500047369979382,-25.570175683140533,0.001,0.001,0.0,0.0
BS_6,eMBB,223.40070905613283,238.27714404997218,14.876434993839354,6.659081368493519,224.0,240.5342681480327,16.53426814803271,7.381369708943174,0.9973245940005929,0.9905839362878164,-0.006740657712776543,-0.6758740086552538,0.002675405999407068,0.00941606371218355,0.0067406577127764825,251.94896454109653,2.9035,3.095,0.1915,6.595488203891854,5807.0,6190.0,383.0,6.595488203891854,240.81149786950002,256.310059568,15.49856169849997,6.435972466272732,647.0465,644.4405,-2.6059999999999945,-0.402753125161792,0.001,0.001,0.0,0.0,0.21300879010905152,0.16409111261106846,-0.048917677497983064,-22.96509804733376,0.001,0.001,0.0,0.0
BS_6,mMTC,16.796329335499998,16.7849424105,-0.011386924999996495,-0.06779412794633397,63.0,39.479731851967344,-23.520268148032656,-37.333758965131196,0.2666084021507937,0.4258813028046683,0.15927290065387462,59.740390538700986,0.7333915978492064,0.5741186971953317,-0.15927290065387467,-21.717306432330165,74.8015,74.6025,-0.19899999999999807,-0.26603744577314364,149603.0,149205.0,-398.0,-0.26603744577314625,16.8055863895,16.7922451705,-0.013341219000000848,-0.07938562029788106,306.513,306.1435,-0.3694999999999595,-0.12054953623499153,0.001,0.001,0.0,0.0,0.21300879010905152,0.16409111261106846,-0.048917677497983064,-22.96509804733376,0.001,0.001,0.0,0.0
